{"Events":{"ShipLocations":[[6.000000,5.000000],[45.000000,6.000000],[45646.000000,435646.000000],[true,false]],"Shoot":[3,4]}}